Workbook

Sheet Instruções
A1: Kit de teste — Persona de Auditoria Comparativa de Documentos
A2: NÃO envie esta planilha para a IA. Ela contém as respostas esperadas.
A4: Como usar
A5: 1. Rode a persona com DOC-A (PDF) e DOC-B (DOCX), usando o prompt do arquivo LEIA-ME.md. Faça 2 execuções em conversas novas.
A6: 2. Para cada execução, preencha a aba correspondente (Execução 1, Execução 2), comparando a saída da IA com a aba Gabarito.
A7: 3. Confira cada citação da IA no documento original (Ctrl+F no PDF/DOCX). Uma citação alterada ou inventada = N.
A8: 4. Liste na seção "Achados extras" tudo o que a IA apontou e não está no gabarito, e diga se é uma diferença real.
A9: 5. Marque na aba Convergentes os itens iguais que a IA listou.
A10: 6. Veja o resultado na aba Scorecard. Cada critério não atendido indica a seção da persona a ajustar.
A12: Legenda
A13: Células amarelas = preencher. Todas as demais são calculadas ou fixas.
A14: S = sim · N = não · NA = não se aplica (ex.: citação de DOC-B em item que só existe em DOC-A).
... A19: Exemplo de preenchimento (uma linha da aba Execução)
A20: ID | B20: ID do achado da IA | C20: Tratado corretamente? | D20: Tipo correto? | E20: Estado correto? | F20: Citação DOC-A fiel? | G20: Citação DOC-B fiel? | H20: Localizador correto? | I20: Ponto exato correto? | J20: Severidade adequada? | K20: Marcada como verificada? | L20: Observações
A21: G01 | B21: ACH-002 | C21: S | D21: S | E21: S | F21: S | G21: N | H21: S | I21: S | J21: S | K21: S | L21: Citação de DOC-B trocou "45" por "60" → Alerta mostra FALHA

Sheet Scorecard
A1: Scorecard — resultado por execução
A2: Calculado automaticamente a partir das abas Execução 1, Execução 2 e Convergentes. "Pendente" = ainda não preenchido.
A4: Critério | B4: Meta | C4: Execução 1 | D4: Status 1 | E4: Execução 2 | F4: Status 2 | G4: Se não atender, ajuste na persona
A5: Citações não fiéis (nº) | B5: =0 | C5: =IF((COUNTIF('Execução 1'!F5:F16,"S")+COUNTIF('Execução 1'!F5:F16,"N"))=0,"",COUNTIF('Execução 1'!I5:J16,"N")+COUNTIF('Execução 1'!I29:I48,"N")) | D5: =IF(C5="","Pendente",IF(C5=0,"Atende","Não atende")) | E5: =IF((COUNTIF('Execução 2'!F5:F16,"S")+COUNTIF('Execução 2'!F5:F16,"N"))=0,"",COUNTIF('Execução 2'!I5:J16,"N")+COUNTIF('Execução 2'!I29:I48,"N")) | F5: =IF(E5="","Pendente",IF(E5=0,"Atende","Não atende")) | G5: [REGRAS DE EVIDÊNCIA] item 3 e [VERIFICAÇÃO DAS CITAÇÕES]
A6: Verificação só de fachada (nº de FALHA) | B6: =0 | C6: =IF((COUNTIF('Execução 1'!F5:F16,"S")+COUNTIF('Execução 1'!F5:F16,"N"))=0,"",COUNTIF('Execução 1'!O5:O16,"FALHA")) | D6: =IF(C6="","Pendente",IF(C6=0,"Atende","Não atende")) | E6: =IF((COUNTIF('Execução 2'!F5:F16,"S")+COUNTIF('Execução 2'!F5:F16,"N"))=0,"",COUNTIF('Execução 2'!O5:O16,"FALHA")) | F6: =IF(E6="","Pendente",IF(E6=0,"Atende","Não atende")) | G6: [VERIFICAÇÃO DAS CITAÇÕES]: tornar a releitura explícita na saída
A7: Detecção de diferenças Crítica/Alta | B7: =100% | C7: =IF((COUNTIF('Execução 1'!F5:F16,"S")+COUNTIF('Execução 1'!F5:F16,"N"))=0,"",(COUNTIFS('Execução 1'!B5:B16,"Diferença plantada",'Execução 1'!D5:D16,"Alta",'Execução 1'!F5:F16,"S")+COUNTIFS('Execução 1'!B5:B16,"Diferença plantada",'Execução 1'!D5:D16,"Crítica",'Execução 1'!F5:F16,"S"))/(COUNTIFS('Execução 1'!B5:B16,"Diferença plantada",'Execução 1'!D5:D16,"Alta")+COUNTIFS('Execução 1'!B5:B16,"Diferença plantada",'Execução 1'!D5:D16,"Crítica"))) | D7: =IF(C7="","Pendente",IF(C7>=1,"Atende","Não atende")) | E7: =IF((COUNTIF('Execução 2'!F5:F16,"S")+COUNTIF('Execução 2'!F5:F16,"N"))=0,"",(COUNTIFS('Execução 2'!B5:B16,"Diferença plantada",'Execução 2'!D5:D16,"Alta",'Execução 2'!F5:F16,"S")+COUNTIFS('Execução 2'!B5:B16,"Diferença plantada",'Execução 2'!D5:D16,"Crítica",'Execução 2'!F5:F16,"S"))/(COUNTIFS('Execução 2'!B5:B16,"Diferença plantada",'Execução 2'!D5:D16,"Alta")+COUNTIFS('Execução 2'!B5:B16,"Diferença plantada",'Execução 2'!D5:D16,"Crítica"))) | F7: =IF(E7="","Pendente",IF(E7>=1,"Atende","Não atende")) | G7: [METODOLOGIA] Etapas 3–4 (eixo pela união dos tópicos; itens atômicos)
A8: Detecção de diferenças (geral) | B8: ≥ 90% | C8: =IF((COUNTIF('Execução 1'!F5:F16,"S")+COUNTIF('Execução 1'!F5:F16,"N"))=0,"",COUNTIFS('Execução 1'!B5:B16,"Diferença plantada",'Execução 1'!F5:F16,"S")/COUNTIF('Execução 1'!B5:B16,"Diferença plantada")) | D8: =IF(C8="","Pendente",IF(C8>=0.9,"Atende","Não atende")) | E8: =IF((COUNTIF('Execução 2'!F5:F16,"S")+COUNTIF('Execução 2'!F5:F16,"N"))=0,"",COUNTIFS('Execução 2'!B5:B16,"Diferença plantada",'Execução 2'!F5:F16,"S")/COUNTIF('Execução 2'!B5:B16,"Diferença plantada")) | F8: =IF(E8="","Pendente",IF(E8>=0.9,"Atende","Não atende")) | G8: [METODOLOGIA] Etapas 4, 6 e 7 (verificações transversais)
A9: Armadilhas tratadas corretamente | B9: =100% | C9: =IF((COUNTIF('Execução 1'!F5:F16,"S")+COUNTIF('Execução 1'!F5:F16,"N"))=0,"",COUNTIFS('Execução 1'!B5:B16,"Armadilha",'Execução 1'!F5:F16,"S")/COUNTIF('Execução 1'!B5:B16,"Armadilha")) | D9: =IF(C9="","Pendente",IF(C9>=1,"Atende","Não atende")) | E9: =IF((COUNTIF('Execução 2'!F5:F16,"S")+COUNTIF('Execução 2'!F5:F16,"N"))=0,"",COUNTIFS('Execução 2'!B5:B16,"Armadilha",'Execução 2'!F5:F16,"S")/COUNTIF('Execução 2'!B5:B16,"Armadilha")) | F9: =IF(E9="","Pendente",IF(E9>=1,"Atende","Não atende")) | G9: [COMPORTAMENTO] ceticismo com equivalências; Etapa 4 (alinhar por significado)
A10: Falsos positivos (nº) | B10: ≤ 1 | C10: =IF((COUNTIF('Execução 1'!F5:F16,"S")+COUNTIF('Execução 1'!F5:F16,"N"))=0,"",COUNTIFS('Execução 1'!B5:B16,"Armadilha",'Execução 1'!F5:F16,"N")+COUNTIF('Execução 1'!F29:F48,"N")) | D10: =IF(C10="","Pendente",IF(C10<=1,"Atende","Não atende")) | E10: =IF((COUNTIF('Execução 2'!F5:F16,"S")+COUNTIF('Execução 2'!F5:F16,"N"))=0,"",COUNTIFS('Execução 2'!B5:B16,"Armadilha",'Execução 2'!F5:F16,"N")+COUNTIF('Execução 2'!F29:F48,"N")) | F10: =IF(E10="","Pendente",IF(E10<=1,"Atende","Não atende")) | G10: [TAXONOMIA] EQV-S × DIV; regra sobre diferenças de forma
A11: Localizador correto | B11: ≥ 95% | C11: =IF((COUNTIF('Execução 1'!K5:K16,"S")+COUNTIF('Execução 1'!K29:K48,"S"))+(COUNTIF('Execução 1'!K5:K16,"N")+COUNTIF('Execução 1'!K29:K48,"N"))=0,"",(COUNTIF('Execução 1'!K5:K16,"S")+COUNTIF('Execução 1'!K29:K48,"S"))/((COUNTIF('Execução 1'!K5:K16,"S")+COUNTIF('Execução 1'!K29:K48,"S"))+(COUNTIF('Execução 1'!K5:K16,"N")+COUNTIF('Execução 1'!K29:K48,"N")))) | D11: =IF(C11="","Pendente",IF(C11>=0.95,"Atende","Não atende")) | E11: =IF((COUNTIF('Execução 2'!K5:K16,"S")+COUNTIF('Execução 2'!K29:K48,"S"))+(COUNTIF('Execução 2'!K5:K16,"N")+COUNTIF('Execução 2'!K29:K48,"N"))=0,"",(COUNTIF('Execução 2'!K5:K16,"S")+COUNTIF('Execução 2'!K29:K48,"S"))/((COUNTIF('Execução 2'!K5:K16,"S")+COUNTIF('Execução 2'!K29:K48,"S"))+(COUNTIF('Execução 2'!K5:K16,"N")+COUNTIF('Execução 2'!K29:K48,"N")))) | F11: =IF(E11="","Pendente",IF(E11>=0.95,"Atende","Não atende")) | G11: [LEITURA DA ENTRADA] página física × impressa; [REGRAS DE EVIDÊNCIA] item 2
A12: Classificação (tipo) correta | B12: ≥ 85% | C12: =IF((COUNTIF('Execução 1'!G5:G16,"S"))+(COUNTIF('Execução 1'!G5:G16,"N"))=0,"",(COUNTIF('Execução 1'!G5:G16,"S"))/((COUNTIF('Execução 1'!G5:G16,"S"))+(COUNTIF('Execução 1'!G5:G16,"N")))) | D12: =IF(C12="","Pendente",IF(C12>=0.85,"Atende","Não atende")) | E12: =IF((COUNTIF('Execução 2'!G5:G16,"S"))+(COUNTIF('Execução 2'!G5:G16,"N"))=0,"",(COUNTIF('Execução 2'!G5:G16,"S"))/((COUNTIF('Execução 2'!G5:G16,"S"))+(COUNTIF('Execução 2'!G5:G16,"N")))) | F12: =IF(E12="","Pendente",IF(E12>=0.85,"Atende","Não atende")) | G12: [TAXONOMIA DE ACHADOS] definições e exemplos
A13: Ponto exato correto | B13: ≥ 90% | C13: =IF((COUNTIF('Execução 1'!L5:L16,"S"))+(COUNTIF('Execução 1'!L5:L16,"N"))=0,"",(COUNTIF('Execução 1'!L5:L16,"S"))/((COUNTIF('Execução 1'!L5:L16,"S"))+(COUNTIF('Execução 1'!L5:L16,"N")))) | D13: =IF(C13="","Pendente",IF(C13>=0.9,"Atende","Não atende")) | E13: =IF((COUNTIF('Execução 2'!L5:L16,"S"))+(COUNTIF('Execução 2'!L5:L16,"N"))=0,"",(COUNTIF('Execução 2'!L5:L16,"S"))/((COUNTIF('Execução 2'!L5:L16,"S"))+(COUNTIF('Execução 2'!L5:L16,"N")))) | F13: =IF(E13="","Pendente",IF(E13>=0.9,"Atende","Não atende")) | G13: [METODOLOGIA] Etapa 6 e tabela "Ponto exato" do formato
A14: Estado de não encontrado correto | B14: ≥ 85% | C14: =IF((COUNTIF('Execução 1'!H5:H16,"S"))+(COUNTIF('Execução 1'!H5:H16,"N"))=0,"",(COUNTIF('Execução 1'!H5:H16,"S"))/((COUNTIF('Execução 1'!H5:H16,"S"))+(COUNTIF('Execução 1'!H5:H16,"N")))) | D14: =IF(C14="","Pendente",IF(C14>=0.85,"Atende","Não atende")) | E14: =IF((COUNTIF('Execução 2'!H5:H16,"S"))+(COUNTIF('Execução 2'!H5:H16,"N"))=0,"",(COUNTIF('Execução 2'!H5:H16,"S"))/((COUNTIF('Execução 2'!H5:H16,"S"))+(COUNTIF('Execução 2'!H5:H16,"N")))) | F14: =IF(E14="","Pendente",IF(E14>=0.85,"Atende","Não atende")) | G14: Tabela dos três estados; [REGRAS DE EVIDÊNCIA] item 5
A15: Severidade adequada | B15: ≥ 80% | C15: =IF((COUNTIF('Execução 1'!M5:M16,"S"))+(COUNTIF('Execução 1'!M5:M16,"N"))=0,"",(COUNTIF('Execução 1'!M5:M16,"S"))/((COUNTIF('Execução 1'!M5:M16,"S"))+(COUNTIF('Execução 1'!M5:M16,"N")))) | D15: =IF(C15="","Pendente",IF(C15>=0.8,"Atende","Não atende")) | E15: =IF((COUNTIF('Execução 2'!M5:M16,"S"))+(COUNTIF('Execução 2'!M5:M16,"N"))=0,"",(COUNTIF('Execução 2'!M5:M16,"S"))/((COUNTIF('Execução 2'!M5:M16,"S"))+(COUNTIF('Execução 2'!M5:M16,"N")))) | F15: =IF(E15="","Pendente",IF(E15>=0.8,"Atende","Não atende")) | G15: [CRITÉRIOS DE SEVERIDADE E CONFIANÇA]
A16: Itens convergentes listados | B16: ≥ 90% | C16: =IF((COUNTIF(Convergentes!E4:E18,"S"))+(COUNTIF(Convergentes!E4:E18,"N"))=0,"",(COUNTIF(Convergentes!E4:E18,"S"))/((COUNTIF(Convergentes!E4:E18,"S"))+(COUNTIF(Convergentes!E4:E18,"N")))) | D16: =IF(C16="","Pendente",IF(C16>=0.9,"Atende","Não atende")) | E16: =IF((COUNTIF(Convergentes!F4:F18,"S"))+(COUNTIF(Convergentes!F4:F18,"N"))=0,"",(COUNTIF(Convergentes!F4:F18,"S"))/((COUNTIF(Convergentes!F4:F18,"S"))+(COUNTIF(Convergentes!F4:F18,"N")))) | F16: =IF(E16="","Pendente",IF(E16>=0.9,"Atende","Não atende")) | G16: [FORMATO] seção 5; [METODOLOGIA] Etapa 9 (reconciliação)
A17: Itens gerais da saída | B17: =100% | C17: =IF((COUNTIF('Execução 1'!F21:F26,"S"))+(COUNTIF('Execução 1'!F21:F26,"N"))=0,"",(COUNTIF('Execução 1'!F21:F26,"S"))/((COUNTIF('Execução 1'!F21:F26,"S"))+(COUNTIF('Execução 1'!F21:F26,"N")))) | D17: =IF(C17="","Pendente",IF(C17>=1,"Atende","Não atende")) | E17: =IF((COUNTIF('Execução 2'!F21:F26,"S"))+(COUNTIF('Execução 2'!F21:F26,"N"))=0,"",(COUNTIF('Execução 2'!F21:F26,"S"))/((COUNTIF('Execução 2'!F21:F26,"S"))+(COUNTIF('Execução 2'!F21:F26,"N")))) | F17: =IF(E17="","Pendente",IF(E17>=1,"Atende","Não atende")) | G17: [FORMATO DE SAÍDA PADRÃO] seções 1, 2, 6 e 7
A19: Consistência entre execuções (diferenças plantadas com o mesmo resultado) | B19: ≥ 90% | C19: =IF(OR(COUNTIF('Execução 1'!F5:F16,"S")+COUNTIF('Execução 1'!F5:F16,"N")=0,COUNTIF('Execução 2'!F5:F16,"S")+COUNTIF('Execução 2'!F5:F16,"N")=0),"",SUMPRODUCT(--('Execução 1'!F5:F16='Execução 2'!F5:F16),--('Execução 1'!B5:B16="Diferença plantada"))/COUNTIF('Execução 1'!B5:B16,"Diferença plantada")) | D19: =IF(C19="","Pendente",IF(C19>=0.9,"Atende","Não atende")) | G19: Se baixa: tornar regras mais explícitas e reduzir margens de interpretação
A21: Resultado geral | C21: Execução 1 | D21: =IF(COUNTIF(D5:D17,"Pendente")>0,"Pendente",IF(COUNTIF(D5:D7,"Não atende")>0,"Reprovado",IF(COUNTIF(D5:D17,"Não atende")>0,"Ajustar persona","Aprovado"))) | E21: Execução 2 | F21: =IF(COUNTIF(F5:F17,"Pendente")>0,"Pendente",IF(COUNTIF(F5:F7,"Não atende")>0,"Reprovado",IF(COUNTIF(F5:F17,"Não atende")>0,"Ajustar persona","Aprovado")))
A22: Reprovado = falhou em um dos 3 primeiros critérios (citações, verificação ou detecção de Crítica/Alta). Ajustar persona = falhou em algum outro critério. Rode de novo só os casos que falharam após ajustar.

Sheet Gabarito
A1: Gabarito — diferenças plantadas e armadilhas (DOC-A = contrato v1 em PDF · DOC-B = contrato v2 em DOCX)
A2: DOC-A tem capa sem número: página física = página impressa + 1. DOC-B (DOCX) não tem paginação fixa; o localizador é a cláusula.
A3: Gabarito v3 (15/10/2026): G07 e G08 exigem um único achado (regra de unidade do achado). v2: severidade de G02, G08, G09 e G10 em Alta; tipos aceitáveis alinhados às regras de desempate.
A4: ID | B4: Categoria | C4: Tipo esperado | D4: Tipo aceitável | E4: Severidade esperada | F4: Estado esperado | G4: Tópico | H4: Localizador DOC-A | I4: Texto literal DOC-A | J4: Localizador DOC-B | K4: Texto literal DOC-B | L4: Elemento divergente | M4: O que testa
A5: G01 | B5: Diferença plantada | C5: CTR | D5: CTR / ALTERADO | E5: Alta | F5: Encontrado nos dois | G5: Prazo de correção de falhas críticas | H5: Cl. 4.2 · pág. física 3 (impressa 2) | I5: A CONTRATADA deverá concluir a correção de falhas de severidade crítica em até 30 (trinta) dias corridos, contados da abertura do chamado. | J5: Cl. 4.2 | K5: A CONTRATADA deverá concluir a correção de falhas de severidade crítica em até 45 (quarenta e cinco) dias corridos, contados da abertura do chamado. | L5: Prazo: 30 dias corridos (A) × 45 dias corridos (B) | M5: Contradição de valor numérico; isolamento do elemento exato.
A6: G02 | B6: Diferença plantada | C6: CTR | D6: CTR / ALTERADO | E6: Alta | F6: Encontrado nos dois | G6: Relatório mensal de desempenho | H6: Cl. 5.2 · pág. física 3 (impressa 2) | I6: A CONTRATADA deverá emitir relatório mensal de desempenho até o 5º (quinto) dia útil de cada mês. | J6: Cl. 5.2 | K6: A CONTRATADA poderá emitir relatório mensal de desempenho até o 5º (quinto) dia útil de cada mês. | L6: Modalidade: "deverá" (obrigação, A) × "poderá" (faculdade, B) | M6: Mudança de modalidade com o resto da frase idêntico.
A7: G03 | B7: Diferença plantada | C7: EXC | D7: EXC / REMOVIDO | E7: Alta | F7: NÃO PRESENTE em DOC-B | G7: Seguro de responsabilidade civil | H7: Cl. 10.1 · pág. física 5 (impressa 4) | I7: A CONTRATADA manterá, durante toda a vigência deste contrato, apólice de seguro de responsabilidade civil profissional com cobertura mínima de R$ 500.000,00 (quinhentos mil reais). | J7: — (NÃO PRESENTE) | K7: — Não há cláusula de seguro em DOC-B. Termos para busca: "seguro", "apólice", "responsabilidade civil". | L7: Obrigação de seguro (cobertura mínima R$ 500.000,00) existe só em A | M7: Evidência de ausência: seções verificadas e termos buscados em B.
A8: G04 | B8: Diferença plantada | C8: DIV | D8: DIV / INCLUÍDO | E8: Média | F8: Encontrado nos dois | G8: Rescisão | H8: Cl. 9.1 · pág. física 5 (impressa 4) | I8: Qualquer das partes poderá rescindir este contrato mediante notificação por escrito, com antecedência mínima de 30 (trinta) dias. | J8: Cl. 9.1 e 9.2 | K8: 9.1: Qualquer das partes poderá rescindir este contrato mediante notificação por escrito, com antecedência mínima de 30 (trinta) dias. ‖ 9.2: A rescisão por iniciativa da CONTRATANTE dependerá de prévia aprovação de sua Diretoria Jurídica. | L8: Condição adicional em B: rescisão pela CONTRATANTE depende de aprovação da Diretoria Jurídica | M8: Condição nova que coexiste com a regra original (não é contradição).
A9: G05 | B9: Diferença plantada | C9: NCL | D9: NCL / ALTERADO | E9: Alta | F9: NÃO CLARO em DOC-B | G9: Penalidade por descumprimento de prazos | H9: Cl. 8.1 · pág. física 4 (impressa 3) | I9: O descumprimento dos prazos previstos na Cláusula 4 sujeitará a CONTRATADA a multa de 2% (dois por cento) sobre o valor mensal, por ocorrência. | J9: Cl. 8.1 | K9: O descumprimento dos prazos previstos na Cláusula 4 poderá ensejar a aplicação das medidas cabíveis. | L9: Multa de 2% por ocorrência (A) × "medidas cabíveis", sem natureza nem valor (B) | M9: Uso do estado NÃO CLARO em vez de NÃO PRESENTE.
A10: G06 | B10: Armadilha | C10: EQV-S | D10: EQV-S | E10: Informativa | F10: Encontrado nos dois | G10: Prazo de pagamento | H10: Cl. 7.2 · pág. física 4 (impressa 3) | I10: O pagamento será efetuado em até 30 (trinta) dias após o recebimento da nota fiscal. | J10: Cl. 7.2 | K10: O pagamento ocorrerá no prazo máximo de trinta dias, contado do recebimento da nota fiscal. | L10: Nenhum: "em até 30 (trinta) dias após" = "no prazo máximo de trinta dias, contado do" | M10: Falso positivo: redação diferente com o mesmo efeito. Correto = listar como convergente.
A11: G07 | B11: Diferença plantada | C11: TER | D11: TER / ALTERADO — um único achado (TER entre versões + TER interno = duplicação) | E11: Média | F11: Encontrado nos dois | G11: Denominação da parte contratante | H11: Cl. 6.1 e 6.2 · pág. física 4 (impressa 3) | I11: 6.1: A CONTRATANTE deverá fornecer à CONTRATADA acesso remoto ao ambiente do sistema, nos termos da política de segurança da informação da CONTRATANTE. ‖ 6.2: A CONTRATANTE deverá designar um gestor do contrato, responsável por acompanhar a execução dos serviços. | J11: Cl. 6 (título, 6.1 e 6.2) | K11: Título: Cláusula 6 – Das Obrigações do CLIENTE ‖ 6.1: O CLIENTE deverá fornecer à CONTRATADA acesso remoto ao ambiente do sistema, nos termos da política de segurança da informação do CLIENTE. ‖ 6.2: O CLIENTE deverá designar um gestor do contrato, responsável por acompanhar a execução dos serviços. | L11: "CONTRATANTE" (A; definido em 1.1) × "CLIENTE" (B, Cláusula 6; termo não definido em B 1.1) | M11: Inconsistência terminológica; termo não definido.
A12: G08 | B12: Diferença plantada | C12: REF | D12: REF / ALTERADO — um único achado (CTR na 12.1 + REF = duplicação) | E12: Alta | F12: Encontrado nos dois | G12: Anexos que integram o contrato | H12: Cl. 12.1 · pág. física 6 (impressa 5) | I12: Integram este contrato o Anexo I (Descrição dos Serviços) e o Anexo II (Matriz de Severidade). | J12: Cl. 12.1 | K12: Integram este contrato o Anexo I (Descrição dos Serviços) e o Anexo IV (Matriz de Severidade). | L12: B cita "Anexo IV (Matriz de Severidade)", mas o anexo existente em B é o Anexo II | M12: Referência cruzada quebrada.
A13: G09 | B13: Diferença plantada | C13: INT | D13: INT (achado separado do G10) | E13: Alta | F13: Encontrado (interno a B) | G13: Prazo de atendimento de severidade baixa (interno a DOC-B) | H13: — (contradição interna de DOC-B) | I13: — | J13: Cl. 4.3 × Anexo II (tabela, linha Baixa) | K13: 4.3: Os chamados de severidade baixa serão atendidos em até 5 (cinco) dias úteis, conforme a Matriz de Severidade do Anexo II. ‖ Anexo II: Baixa | Dúvida ou falha sem impacto operacional | Até 10 dias úteis | L13: DOC-B 4.3: 5 dias úteis × DOC-B Anexo II: 10 dias úteis | M13: Contradição dentro do mesmo documento (inclui leitura de tabela).
A14: G10 | B14: Diferença plantada | C14: CTR | D14: CTR / ALTERADO (achado separado do G09) | E14: Alta | F14: Encontrado nos dois | G14: Matriz de Severidade: severidade baixa | H14: Anexo II, tabela, linha Baixa · pág. física 7 (impressa 6) | I14: Baixa | Dúvida ou falha sem impacto operacional | Até 5 dias úteis | J14: Anexo II, tabela, linha Baixa | K14: Baixa | Dúvida ou falha sem impacto operacional | Até 10 dias úteis | L14: Prazo de severidade baixa na matriz: 5 dias úteis (A) × 10 dias úteis (B) | M14: Contradição em tabela; comparação de anexos.
A15: G11 | B15: Armadilha | C15: EQV-L | D15: EQV-L (relocalizado) | E15: Informativa | F15: Encontrado nos dois | G15: Confidencialidade | H15: Cl. 5.3 · pág. física 3 (impressa 2) | I15: A CONTRATADA deverá manter sigilo sobre todas as informações da CONTRATANTE a que tiver acesso em razão deste contrato, durante a vigência e por 5 (cinco) anos após o seu término. | J15: Cl. 11.1 | K15: A CONTRATADA deverá manter sigilo sobre todas as informações da CONTRATANTE a que tiver acesso em razão deste contrato, durante a vigência e por 5 (cinco) anos após o seu término. | L15: Nenhum: mesmo texto, movido de 5.3 (A) para 11.1 (B) | M15: Alinhamento por significado: não deve virar "removido" + "incluído" e deve aparecer só em Itens convergentes (não como achado). Correto = S só se as duas condições forem atendidas.
A16: G12 | B16: Armadilha | C16: EQV-L | D16: EQV-L (renumerado) | E16: Informativa | F16: Encontrado nos dois | G16: Proteção de dados pessoais | H16: Cl. 11.1 · pág. física 5 (impressa 4) | I16: A CONTRATADA tratará os dados pessoais a que tiver acesso exclusivamente para a execução do objeto deste contrato, observada a Lei nº 13.709/2018. | J16: Cl. 10.1 | K16: A CONTRATADA tratará os dados pessoais a que tiver acesso exclusivamente para a execução do objeto deste contrato, observada a Lei nº 13.709/2018. | L16: Nenhum: mesmo texto, renumerado de 11.1 (A) para 10.1 (B) | M16: Alinhamento por significado com renumeração; deve aparecer só em Itens convergentes (não como achado).
A18: Linhas azuis = armadilhas: o comportamento correto é NÃO apontar diferença (ou alinhar o item corretamente apesar da mudança de número).

Sheet Convergentes
A1: Itens convergentes esperados (devem aparecer na seção "Itens convergentes" da saída)
A3: Tópico | B3: Localizador DOC-A | C3: Localizador DOC-B | D3: Tipo | E3: Listado na Execução 1? | F3: Listado na Execução 2?
A4: Partes | B4: Cl. 1.1 · pág. física 2 (impressa 1) | C4: Cl. 1.1 | D4: EQV-L
A5: Objeto | B5: Cl. 2.1 · pág. física 2 (impressa 1) | C5: Cl. 2.1 | D5: EQV-L
A6: Vigência | B6: Cl. 3.1 · pág. física 2 (impressa 1) | C6: Cl. 3.1 | D6: EQV-L
A7: Início de atendimento crítico | B7: Cl. 4.1 · pág. física 3 (impressa 2) | C7: Cl. 4.1 | D7: EQV-L
A8: Atendimento de severidade baixa (cláusula) | B8: Cl. 4.3 · pág. física 3 (impressa 2) | C8: Cl. 4.3 | D8: EQV-L
A9: Equipe certificada | B9: Cl. 5.1 · pág. física 3 (impressa 2) | C9: Cl. 5.1 | D9: EQV-L
A10: Confidencialidade (movida) | B10: Cl. 5.3 · pág. física 3 (impressa 2) | C10: Cl. 11.1 | D10: EQV-L
A11: Valor mensal | B11: Cl. 7.1 · pág. física 4 (impressa 3) | C11: Cl. 7.1 | D11: EQV-L
A12: Prazo de pagamento (redação diferente) | B12: Cl. 7.2 · pág. física 4 (impressa 3) | C12: Cl. 7.2 | D12: EQV-S
A13: Reajuste (IPCA) | B13: Cl. 7.3 · pág. física 4 (impressa 3) | C13: Cl. 7.3 | D13: EQV-L
A14: Rescisão — regra geral | B14: Cl. 9.1 · pág. física 5 (impressa 4) | C14: Cl. 9.1 | D14: EQV-L
A15: Proteção de dados (renumerada) | B15: Cl. 11.1 · pág. física 5 (impressa 4) | C15: Cl. 10.1 | D15: EQV-L
... A18: Matriz — severidades crítica e média | B18: Anexo II · pág. física 7 (impressa 6) | C18: Anexo II | D18: EQV-L

Sheet Execução 1
A1: Execução 1 — avaliação da saída da IA
A2: Data / modelo / plataforma:
A4: ID | B4: Categoria | C4: Tipo esperado | D4: Severidade esperada | E4: ID do achado da IA | F4: Tratado corretamente? | G4: Tipo correto? | H4: Estado correto? | I4: Citação DOC-A fiel? | J4: Citação DOC-B fiel? | K4: Localizador correto? | L4: Ponto exato correto? | M4: Severidade adequada? | N4: Marcada como verificada? | O4: Alerta | P4: Observações
A5: =Gabarito!A5 | B5: =Gabarito!B5 | C5: =Gabarito!C5 | D5: =Gabarito!E5 | O5: =IF(AND(N5="S",OR(I5="N",J5="N")),"FALHA","")
A6: =Gabarito!A6 | B6: =Gabarito!B6 | C6: =Gabarito!C6 | D6: =Gabarito!E6 | O6: =IF(AND(N6="S",OR(I6="N",J6="N")),"FALHA","")
A7: =Gabarito!A7 | B7: =Gabarito!B7 | C7: =Gabarito!C7 | D7: =Gabarito!E7 | O7: =IF(AND(N7="S",OR(I7="N",J7="N")),"FALHA","")
A8: =Gabarito!A8 | B8: =Gabarito!B8 | C8: =Gabarito!C8 | D8: =Gabarito!E8 | O8: =IF(AND(N8="S",OR(I8="N",J8="N")),"FALHA","")
A9: =Gabarito!A9 | B9: =Gabarito!B9 | C9: =Gabarito!C9 | D9: =Gabarito!E9 | O9: =IF(AND(N9="S",OR(I9="N",J9="N")),"FALHA","")
A10: =Gabarito!A10 | B10: =Gabarito!B10 | C10: =Gabarito!C10 | D10: =Gabarito!E10 | O10: =IF(AND(N10="S",OR(I10="N",J10="N")),"FALHA","")
A11: =Gabarito!A11 | B11: =Gabarito!B11 | C11: =Gabarito!C11 | D11: =Gabarito!E11 | O11: =IF(AND(N11="S",OR(I11="N",J11="N")),"FALHA","")
A12: =Gabarito!A12 | B12: =Gabarito!B12 | C12: =Gabarito!C12 | D12: =Gabarito!E12 | O12: =IF(AND(N12="S",OR(I12="N",J12="N")),"FALHA","")
A13: =Gabarito!A13 | B13: =Gabarito!B13 | C13: =Gabarito!C13 | D13: =Gabarito!E13 | O13: =IF(AND(N13="S",OR(I13="N",J13="N")),"FALHA","")
A14: =Gabarito!A14 | B14: =Gabarito!B14 | C14: =Gabarito!C14 | D14: =Gabarito!E14 | O14: =IF(AND(N14="S",OR(I14="N",J14="N")),"FALHA","")
A15: =Gabarito!A15 | B15: =Gabarito!B15 | C15: =Gabarito!C15 | D15: =Gabarito!E15 | O15: =IF(AND(N15="S",OR(I15="N",J15="N")),"FALHA","")
A16: =Gabarito!A16 | B16: =Gabarito!B16 | C16: =Gabarito!C16 | D16: =Gabarito!E16 | O16: =IF(AND(N16="S",OR(I16="N",J16="N")),"FALHA","")
A19: Itens gerais da saída
A20: Nº | B20: Pergunta | F20: Resposta | P20: Observações
A21: X1 | B21: A relação entre os documentos foi identificada como versões (v1 → v2)?
A22: X2 | B22: O inventário distingue página física × impressa no DOC-A (capa sem número)?
A23: X3 | B23: Há declaração de cobertura (o que foi e o que não foi analisado)?
A24: X4 | B24: O resultado da verificação de citações foi informado (conferidas, corrigidas, divergentes, indisponíveis)?
A25: X5 | B25: O campo "Verificado (revisor)" foi deixado em branco em todos os achados?
A26: X6 | B26: As questões em aberto estão vinculadas aos achados (ex.: Ref.: ACH-001)?
A27: Achados extras (apontados pela IA e ausentes do gabarito)
A28: Nº | B28: ID do achado da IA | C28: Descrição resumida | F28: É diferença real? | I28: Citações fiéis? | K28: Localizador correto? | P28: Observações
A29: 1
A30: 2
A31: 3
A32: 4
A33: 5
A34: 6
A35: 7
A36: 8
A37: 9
A38: 10
A39: 11
A40: 12
... A48: 20

Sheet Execução 2
A1: Execução 2 — avaliação da saída da IA
A2: Data / modelo / plataforma:
A4: ID | B4: Categoria | C4: Tipo esperado | D4: Severidade esperada | E4: ID do achado da IA | F4: Tratado corretamente? | G4: Tipo correto? | H4: Estado correto? | I4: Citação DOC-A fiel? | J4: Citação DOC-B fiel? | K4: Localizador correto? | L4: Ponto exato correto? | M4: Severidade adequada? | N4: Marcada como verificada? | O4: Alerta | P4: Observações
A5: =Gabarito!A5 | B5: =Gabarito!B5 | C5: =Gabarito!C5 | D5: =Gabarito!E5 | O5: =IF(AND(N5="S",OR(I5="N",J5="N")),"FALHA","")
A6: =Gabarito!A6 | B6: =Gabarito!B6 | C6: =Gabarito!C6 | D6: =Gabarito!E6 | O6: =IF(AND(N6="S",OR(I6="N",J6="N")),"FALHA","")
A7: =Gabarito!A7 | B7: =Gabarito!B7 | C7: =Gabarito!C7 | D7: =Gabarito!E7 | O7: =IF(AND(N7="S",OR(I7="N",J7="N")),"FALHA","")
A8: =Gabarito!A8 | B8: =Gabarito!B8 | C8: =Gabarito!C8 | D8: =Gabarito!E8 | O8: =IF(AND(N8="S",OR(I8="N",J8="N")),"FALHA","")
A9: =Gabarito!A9 | B9: =Gabarito!B9 | C9: =Gabarito!C9 | D9: =Gabarito!E9 | O9: =IF(AND(N9="S",OR(I9="N",J9="N")),"FALHA","")
A10: =Gabarito!A10 | B10: =Gabarito!B10 | C10: =Gabarito!C10 | D10: =Gabarito!E10 | O10: =IF(AND(N10="S",OR(I10="N",J10="N")),"FALHA","")
A11: =Gabarito!A11 | B11: =Gabarito!B11 | C11: =Gabarito!C11 | D11: =Gabarito!E11 | O11: =IF(AND(N11="S",OR(I11="N",J11="N")),"FALHA","")
A12: =Gabarito!A12 | B12: =Gabarito!B12 | C12: =Gabarito!C12 | D12: =Gabarito!E12 | O12: =IF(AND(N12="S",OR(I12="N",J12="N")),"FALHA","")
A13: =Gabarito!A13 | B13: =Gabarito!B13 | C13: =Gabarito!C13 | D13: =Gabarito!E13 | O13: =IF(AND(N13="S",OR(I13="N",J13="N")),"FALHA","")
A14: =Gabarito!A14 | B14: =Gabarito!B14 | C14: =Gabarito!C14 | D14: =Gabarito!E14 | O14: =IF(AND(N14="S",OR(I14="N",J14="N")),"FALHA","")
A15: =Gabarito!A15 | B15: =Gabarito!B15 | C15: =Gabarito!C15 | D15: =Gabarito!E15 | O15: =IF(AND(N15="S",OR(I15="N",J15="N")),"FALHA","")
A16: =Gabarito!A16 | B16: =Gabarito!B16 | C16: =Gabarito!C16 | D16: =Gabarito!E16 | O16: =IF(AND(N16="S",OR(I16="N",J16="N")),"FALHA","")
A19: Itens gerais da saída
A20: Nº | B20: Pergunta | F20: Resposta | P20: Observações
A21: X1 | B21: A relação entre os documentos foi identificada como versões (v1 → v2)?
A22: X2 | B22: O inventário distingue página física × impressa no DOC-A (capa sem número)?
A23: X3 | B23: Há declaração de cobertura (o que foi e o que não foi analisado)?
A24: X4 | B24: O resultado da verificação de citações foi informado (conferidas, corrigidas, divergentes, indisponíveis)?
A25: X5 | B25: O campo "Verificado (revisor)" foi deixado em branco em todos os achados?
A26: X6 | B26: As questões em aberto estão vinculadas aos achados (ex.: Ref.: ACH-001)?
A27: Achados extras (apontados pela IA e ausentes do gabarito)
A28: Nº | B28: ID do achado da IA | C28: Descrição resumida | F28: É diferença real? | I28: Citações fiéis? | K28: Localizador correto? | P28: Observações
A29: 1
A30: 2
A31: 3
A32: 4
A33: 5
A34: 6
A35: 7
A36: 8
A37: 9
A38: 10
A39: 11
A40: 12
... A48: 20
